name;intelligence;strength;speed;durability;power;combat;Gender;Eye color;Race;Hair color;Height;Publisher;Alignment;Weight;Dexterity & speed;Healing;Weapon abilities;Brainpower;Energy powers;Sences & Thermal abilities;Psychic abilities;Body features;Space abilities;Defensive abilities;Similiar to magic;God-like abilities
A-Bomb;38;100;17;80;24;64;Male;yellow;Human;No Hair;203.0;Marvel Comics;good;441.0;1;2;0;0;0;0;0;3;0;1;0;0
Abe Sapien;88;28;35;65;100;85;Male;blue;Icthyo Sapien;No Hair;191.0;Dark Horse Comics;good;65.0;3;2;2;1;0;2;1;5;0;0;0;0
Abin Sur;50;90;53;64;99;65;Male;blue;Ungaran;No Hair;185.0;DC Comics;good;90.0;0;0;0;0;1;0;0;0;0;0;0;0
Abomination;63;80;53;90;62;95;Male;green;Human / Radiation;No Hair;203.0;Marvel Comics;bad;441.0;2;2;0;1;0;0;0;2;0;0;1;0
Absorbing Man;38;80;25;100;98;64;Male;blue;Human;No Hair;193.0;Marvel Comics;bad;122.0;0;1;0;0;1;2;0;2;0;3;2;0
Adam Strange;69;10;33;40;37;50;Male;blue;Human;Blond;185.0;DC Comics;good;88.0;1;0;2;1;0;1;0;2;0;2;1;0
Agent Bob;10;8;13;5;5;20;Male;brown;Human;Brown;178.0;Marvel Comics;good;81.0;0;0;0;0;0;0;0;0;0;1;0;0
Air-Walker;50;85;100;85;100;40;Male;blue;Unknown;White;188.0;Marvel Comics;bad;108.0;1;0;0;0;0;0;0;2;1;0;2;0
Ajax;56;48;35;80;34;55;Male;brown;Cyborg;Black;193.0;Marvel Comics;bad;90.0;2;0;0;0;0;0;0;2;0;0;1;0
Alan Scott;63;80;23;90;100;32;Male;blue;Unknown;Blond;180.0;DC Comics;good;90.0;1;0;0;1;4;0;3;1;0;2;1;0
Angel;75;30;58;90;100;75;Male;blue;Unknown;Blond;183.0;Marvel Comics;good;68.0;3;2;0;1;0;3;1;4;0;2;2;0
Angel Dust;38;55;23;42;17;30;Female;yellow;Mutant;Black;165.0;Marvel Comics;good;57.0;3;0;0;0;0;0;0;1;0;0;0;0
Angel Salvadore;38;10;28;28;56;60;Female;brown;Unknown;Black;163.0;Marvel Comics;good;54.0;0;1;0;0;0;0;0;2;0;0;2;0
Animal Man;56;48;47;85;73;80;Male;blue;Human;Blond;183.0;DC Comics;good;83.0;0;0;0;0;1;0;2;2;0;0;0;0
Annihilus;75;80;47;56;59;64;Male;green;Unknown;No Hair;180.0;Marvel Comics;bad;90.0;4;0;0;0;0;0;0;2;0;0;1;0
Ant-Man;100;18;23;28;32;32;Male;blue;Human;Blond;211.0;Marvel Comics;good;122.0;0;0;0;1;0;0;0;1;0;0;0;0
Ant-Man II;75;18;17;40;53;30;Male;blue;Human;Blond;183.0;Marvel Comics;good;86.0;2;0;0;1;0;0;1;3;0;1;1;0
Apocalypse;100;100;33;100;100;60;Male;red;Mutant;Black;213.0;Marvel Comics;bad;135.0;4;3;0;0;3;0;3;4;0;1;5;0
Aqualad;63;44;42;75;89;60;Male;blue;Atlantean;Black;178.0;DC Comics;good;106.0;2;0;0;0;1;2;1;3;0;0;4;0
Aquaman;81;85;79;80;100;80;Male;blue;Atlantean;Blond;185.0;DC Comics;good;146.0;4;3;0;1;0;6;1;5;0;1;3;0
Arachne;50;48;50;70;71;70;Female;blue;Human;Blond;175.0;Marvel Comics;good;63.0;5;1;0;0;0;1;1;2;0;1;1;0
Archangel;63;13;58;64;35;42;Male;blue;Mutant;Blond;183.0;Marvel Comics;good;68.0;2;1;0;0;0;1;0;3;0;0;1;0
Arclight;38;63;23;42;52;70;Female;violet;Unknown;Purple;173.0;Marvel Comics;bad;57.0;1;0;0;0;0;0;0;2;0;0;1;0
Ardina;63;100;100;80;100;25;Female;white;Alien;Orange;193.0;Marvel Comics;good;98.0;3;2;0;0;2;3;1;3;1;0;2;0
Ares;75;82;35;80;84;101;Male;brown;Unknown;Brown;185.0;Marvel Comics;good;270.0;4;1;0;0;0;0;0;3;0;0;0;0
Ariel;50;10;12;14;94;28;Female;purple;Unknown;Pink;165.0;Marvel Comics;good;59.0;0;0;0;0;0;0;2;0;0;0;0;0
Armor;50;63;12;80;55;54;Female;black;Unknown;Black;163.0;Marvel Comics;good;50.0;0;0;0;0;0;0;1;1;0;1;0;0
Atlas;63;80;25;100;98;50;Male;brown;Mutant;Red;183.0;Marvel Comics;good;101.0;3;1;0;1;0;0;0;5;0;1;0;0
Atom Girl;38;10;23;28;38;42;Female;black;Unknown;Black;168.0;DC Comics;good;54.0;0;0;0;0;0;0;0;1;0;0;0;0
Atom II;88;10;33;45;40;60;Male;brown;Human;Auburn;183.0;DC Comics;good;81.0;0;0;0;0;0;0;0;3;0;0;2;0
Aurora;63;10;96;60;74;56;Female;blue;Mutant;Black;180.0;Marvel Comics;good;63.0;2;1;0;0;1;0;0;1;0;0;5;0
Azazel;50;11;47;95;100;80;Male;yellow;Neyaphem;Black;183.0;Marvel Comics;bad;67.0;0;3;0;0;0;0;1;1;1;0;0;0
Banshee;50;10;58;40;63;70;Male;green;Human;Strawberry Blond;183.0;Marvel Comics;good;77.0;0;0;0;0;1;1;0;0;0;0;4;0
Bantam;25;53;23;54;21;56;Male;brown;Unknown;Black;165.0;Marvel Comics;good;54.0;1;0;0;0;0;0;0;2;0;0;0;0
Batgirl IV;69;12;27;56;46;100;Female;green;Human;Black;165.0;DC Comics;good;52.0;1;0;1;0;0;0;0;1;0;2;0;0
Batgirl VI;75;10;23;28;22;80;Female;blue;Unknown;Blond;168.0;DC Comics;good;61.0;2;0;2;0;0;0;0;0;0;0;0;0
Batman;81;40;29;55;63;90;Male;blue;Human;black;188.0;DC Comics;good;95.0;4;0;3;1;0;2;0;6;0;1;0;0
Batman II;88;11;33;28;36;100;Male;blue;Human;Black;178.0;DC Comics;good;79.0;2;0;3;1;0;0;0;1;0;1;0;0
Battlestar;50;53;35;74;48;74;Male;brown;Unknown;Black;198.0;Marvel Comics;good;133.0;4;0;0;0;0;0;0;2;0;0;0;0
Beast;94;48;38;60;43;85;Male;blue;Mutant;Blue;180.0;Marvel Comics;good;181.0;7;1;0;1;0;2;0;3;0;0;0;0
Beast Boy;50;28;50;70;79;40;Male;green;Human;Green;173.0;DC Comics;good;68.0;3;0;0;0;0;0;1;8;0;1;1;0
Big Barda;88;100;79;100;100;100;Female;blue;New God;Black;188.0;DC Comics;bad;135.0;3;2;0;0;0;0;0;3;0;1;1;0
Big Man;75;12;23;28;19;70;Male;blue;Unknown;Brown;165.0;Marvel Comics;bad;71.0;0;0;1;0;0;0;0;0;0;0;0;0
Bishop;63;14;23;75;100;65;Male;brown;Mutant;No Hair;198.0;Marvel Comics;good;124.0;1;2;0;0;2;0;0;1;1;1;0;0
Bizarro;38;95;100;100;100;85;Male;black;Bizarro;Black;191.0;DC Comics;neutral;155.0;4;3;1;0;1;7;1;4;0;0;2;0
Black Adam;88;100;92;100;100;56;Male;brown;Unknown;Black;191.0;DC Comics;bad;113.0;2;3;0;1;1;1;2;2;0;0;2;0
Black Bolt;75;67;100;84;100;56;Male;blue;Inhuman;Black;188.0;Marvel Comics;good;95.0;4;1;0;0;2;0;1;2;0;0;3;0
Black Canary;63;8;33;15;45;80;Female;blue;Metahuman;Blond;170.0;DC Comics;good;59.0;3;0;2;1;0;0;0;0;0;1;2;0
Black Cat;75;16;33;10;23;70;Female;green;Human;Blond;178.0;Marvel Comics;good;54.0;4;0;0;0;0;1;0;1;1;0;0;0
Black Knight III;63;10;8;70;43;70;Male;brown;Human;Brown;183.0;Marvel Comics;good;86.0;0;0;1;0;0;0;0;0;0;0;0;0
Black Lightning;50;11;53;28;70;75;Male;brown;Unknown;No Hair;185.0;DC Comics;good;90.0;0;0;0;0;4;0;0;1;0;0;2;0
Black Mamba;75;10;35;42;88;65;Female;green;Unknown;Black;170.0;Marvel Comics;bad;52.0;0;0;0;0;0;0;2;0;0;0;1;0
Black Manta;75;28;50;60;76;85;Male;black;Human;No Hair;188.0;DC Comics;bad;92.0;4;0;2;0;1;3;0;6;0;2;0;0
Black Panther;88;16;30;60;41;100;Male;brown;Human;Black;183.0;Marvel Comics;good;90.0;3;0;2;1;0;4;0;2;0;1;0;0
Black Widow;75;13;33;30;36;100;Female;green;Human;Auburn;170.0;Marvel Comics;good;59.0;3;1;2;1;0;0;0;1;0;1;0;0
Blackout;63;32;45;80;45;65;Male;red;Demon;White;191.0;Marvel Comics;bad;104.0;4;1;0;0;0;2;0;2;0;1;0;0
Blackwing;38;10;35;32;20;56;Male;blue;Unknown;Black;185.0;Marvel Comics;bad;86.0;0;0;0;0;0;0;1;0;0;0;1;0
Blade;63;28;38;50;40;90;Male;brown;Vampire;Black;188.0;Marvel Comics;good;97.0;3;1;1;0;0;4;0;2;0;0;0;0
Blink;50;8;20;28;77;64;Female;green;Mutant;Magenta;165.0;Marvel Comics;good;56.0;0;0;0;0;0;0;1;0;0;0;0;0
Blizzard II;38;10;27;42;47;56;Male;brown;Unknown;Brown;175.0;Marvel Comics;bad;77.0;0;0;0;0;0;0;0;0;0;0;1;0
Blob;10;83;23;95;28;72;Male;brown;Unknown;Brown;178.0;Marvel Comics;bad;230.0;0;0;0;0;0;0;0;2;0;0;1;0
Bloodaxe;63;80;33;80;100;84;Female;blue;Human;Brown;218.0;Marvel Comics;bad;495.0;4;1;1;0;1;0;1;2;0;0;3;0
Boom-Boom;38;10;12;42;57;64;Female;blue;Mutant;Blond;165.0;Marvel Comics;good;55.0;1;0;0;0;4;0;1;0;0;0;0;0
Brainiac;100;95;63;90;60;75;Male;green;Android;No Hair;198.0;DC Comics;bad;135.0;1;1;0;2;1;0;2;3;0;0;1;0
Brainiac 5;100;10;23;28;60;32;Male;green;Unknown;Blond;170.0;DC Comics;good;61.0;0;0;0;1;2;0;0;0;0;0;0;0
Buffy;63;28;42;70;48;60;Female;green;Human;Blond;157.0;Dark Horse Comics;good;52.0;4;1;0;1;0;1;1;2;0;2;0;0
Bullseye;50;11;25;70;20;70;Male;blue;Human;blond;183.0;Marvel Comics;bad;90.0;0;0;2;0;0;0;0;1;0;0;0;0
Bumblebee;63;28;25;10;47;35;Female;brown;Human;Black;170.0;DC Comics;good;59.0;1;0;0;1;1;1;0;3;0;1;2;0
Cable;88;48;23;56;100;80;Male;blue;Mutant;White;203.0;Marvel Comics;good;158.0;4;1;2;1;2;1;12;2;1;2;2;0
Callisto;63;53;23;42;52;85;Female;blue;Unknown;Black;175.0;Marvel Comics;bad;74.0;3;1;0;0;0;2;0;1;0;0;0;0
Cannonball;50;28;67;99;94;56;Male;blue;Unknown;Blond;183.0;Marvel Comics;good;81.0;1;0;0;0;1;0;0;1;0;1;1;0
Captain America;69;19;38;55;60;100;Male;blue;Human;blond;188.0;Marvel Comics;good;108.0;3;1;3;0;0;0;0;2;0;1;0;0
Captain Atom;81;93;83;90;100;80;Male;blue;Human / Radiation;Silver;193.0;DC Comics;good;90.0;2;2;1;0;4;2;1;4;2;5;4;0
Captain Britain;75;77;50;60;31;80;Male;blue;Human;Blond;198.0;Marvel Comics;good;116.0;4;0;0;0;1;1;0;2;0;1;1;0
Captain Marvel;88;100;88;95;100;75;Female;blue;Human-Kree;Blond;180.0;Marvel Comics;good;74.0;4;3;1;3;4;3;4;5;0;3;3;0
Captain Marvel II;75;81;27;90;34;56;Male;blue;Human;Black;175.0;DC Comics;good;74.0;0;1;0;2;0;0;2;1;0;0;0;0
Carnage;63;63;70;84;88;90;Male;green;Symbiote;Red;185.0;Marvel Comics;bad;86.0;6;1;1;0;0;0;0;5;0;2;1;0
Catwoman;69;11;33;28;27;85;Female;green;Human;Black;175.0;DC Comics;good;61.0;3;0;1;0;0;0;1;2;0;1;0;0
Century;88;80;53;64;100;100;Male;white;Alien;White;201.0;Marvel Comics;good;97.0;0;1;0;0;0;0;1;0;1;0;0;0
Chamber;50;10;20;80;57;64;Male;brown;Mutant;Brown;175.0;Marvel Comics;good;63.0;0;0;0;0;1;0;3;0;0;0;0;0
Changeling;63;10;23;42;64;64;Male;brown;Unknown;Black;180.0;Marvel Comics;bad;81.0;0;0;0;0;0;0;2;1;0;0;0;0
Cheetah;38;8;42;20;32;70;Female;green;Human;Blond;163.0;DC Comics;bad;50.0;3;0;0;0;0;0;0;1;0;1;0;0
Cheetah III;88;100;88;80;78;95;Female;brown;Human;Brown;175.0;DC Comics;bad;54.0;5;0;0;1;0;4;0;6;0;1;1;0
Citizen Steel;50;95;33;100;23;60;Male;green;Human;Red;183.0;DC Comics;good;170.0;4;0;0;0;0;0;0;2;0;1;0;0
Cloak;63;10;47;64;100;56;Male;brown;Unknown;black;226.0;Marvel Comics;good;70.0;0;0;0;0;1;0;1;0;1;1;1;0
Colossus;63;83;33;100;45;80;Male;silver;Mutant;Black;226.0;Marvel Comics;good;225.0;2;1;0;0;0;2;0;3;0;1;0;0
Copycat;56;10;21;25;54;60;Female;red;Mutant;White;183.0;Marvel Comics;neutral;67.0;0;0;1;0;0;0;0;1;0;3;0;0
Cottonmouth;50;10;8;10;27;25;Male;brown;Human;Black;183.0;Marvel Comics;bad;99.0;0;0;0;0;0;0;0;1;0;0;0;0
Crystal;63;16;12;14;61;56;Female;green;Inhuman;Red;168.0;Marvel Comics;good;50.0;3;0;0;0;0;0;0;1;0;0;4;0
Cyborg;75;53;42;85;71;64;Male;brown;Cyborg;Black;198.0;DC Comics;good;173.0;2;0;1;0;0;3;1;3;0;1;1;0
Cyclops;75;10;23;42;76;80;Male;brown;Mutant;Brown;191.0;Marvel Comics;good;88.0;1;0;1;1;3;0;0;0;0;1;0;0
Dagger;63;10;35;42;52;70;Female;blue;Unknown;Blond;165.0;Marvel Comics;good;52.0;0;0;0;0;1;0;0;1;0;0;1;0
Daredevil;75;13;25;35;61;100;Male;blue;Human;Red;183.0;Marvel Comics;good;90.0;3;0;2;1;0;5;1;1;0;1;0;0
Darkhawk;50;32;33;70;74;64;Male;brown;Human;Brown;185.0;Marvel Comics;good;81.0;0;0;1;0;2;2;0;2;0;0;1;0
Darkseid;88;100;83;100;100;95;Male;red;New God;No Hair;267.0;DC Comics;bad;817.0;4;2;1;1;4;0;6;3;2;1;4;0
Darkstar;38;8;35;42;79;64;Female;brown;Mutant;Blond;168.0;Marvel Comics;good;56.0;0;0;0;0;3;0;1;0;0;0;1;0
Darth Vader;69;48;33;35;100;100;Male;yellow;Cyborg;No Hair;198.0;George Lucas;bad;135.0;4;1;2;1;3;2;7;1;0;3;2;0
Dash;25;12;92;60;20;30;Male;blue;Human;Blond;122.0;Dark Horse Comics;good;27.0;4;0;0;0;0;0;0;0;0;0;0;0
Dazzler;63;10;33;60;100;55;Female;blue;Mutant;Blond;173.0;Marvel Comics;good;52.0;2;0;1;0;6;0;1;0;0;0;5;0
Deadman;50;10;33;100;100;42;Male;blue;Human;Black;183.0;DC Comics;good;90.0;2;0;0;0;1;0;2;2;0;2;3;0
Deadpool;69;32;50;100;100;100;Male;brown;Mutant;No Hair;188.0;Marvel Comics;neutral;95.0;3;3;3;0;0;0;3;1;1;2;0;0
Deadshot;50;10;23;28;55;80;Male;brown;Human;Brown;185.0;DC Comics;bad;91.0;1;0;2;0;0;0;0;0;0;1;0;0
Deathlok;69;32;30;70;40;60;Male;brown;Cyborg;Grey;193.0;Marvel Comics;good;178.0;4;0;0;2;0;3;0;2;0;0;0;0
Deathstroke;75;30;35;100;47;90;Male;blue;Human;White;193.0;DC Comics;neutral;101.0;3;2;2;0;0;1;0;2;0;1;0;0
Demogoblin;50;48;42;35;67;60;Male;red;Demon;No Hair;185.0;Marvel Comics;bad;95.0;4;0;0;0;0;0;1;2;0;0;1;0
Diamondback;44;16;23;28;45;60;Male;brown;Human;Black;193.0;Marvel Comics;bad;90.0;0;0;2;0;0;0;0;0;0;0;0;0
Doc Samson;75;80;33;80;36;70;Male;blue;Human / Radiation;Green;198.0;Marvel Comics;good;171.0;1;0;0;0;0;0;0;2;0;0;0;0
Doctor Doom;100;32;20;100;100;84;Male;brown;Human;Brown;201.0;Marvel Comics;bad;187.0;2;0;1;0;2;0;1;2;3;0;4;0
Doctor Fate;81;16;25;80;100;50;Male;blue;Human;Blond;188.0;DC Comics;good;89.0;1;2;0;0;2;0;6;2;3;2;4;0
Doctor Octopus;94;48;33;40;53;65;Male;brown;Human;Brown;175.0;Marvel Comics;bad;110.0;4;0;2;1;0;0;1;2;0;0;0;0
Doctor Strange;100;10;12;84;100;60;Male;grey;Human;Black;188.0;Marvel Comics;good;81.0;0;1;0;0;2;0;6;1;4;2;4;0
Domino;63;10;27;28;49;74;Female;blue;Human;Black;173.0;Marvel Comics;good;54.0;2;0;1;0;0;0;0;0;1;0;0;0
Doomsday;75;100;67;100;100;90;Male;red;Alien;White;244.0;DC Comics;bad;412.0;5;3;0;0;1;2;0;5;0;3;1;0
Doppelganger;8;63;60;95;69;84;Male;white;Unknown;No Hair;196.0;Marvel Comics;bad;104.0;5;1;0;0;0;0;0;3;0;0;0;0
Drax the Destroyer;56;80;25;85;46;65;Male;red;Human / Altered;No Hair;193.0;Marvel Comics;good;306.0;2;1;1;0;0;3;0;4;0;0;0;0
Elastigirl;63;32;33;95;52;70;Female;brown;Human;Brown;168.0;Dark Horse Comics;good;56.0;1;1;0;0;0;0;0;5;0;0;0;0
Electro;69;10;50;56;67;64;Male;blue;Human;Auburn;180.0;Marvel Comics;bad;74.0;1;0;0;0;0;0;0;1;0;0;1;0
Elektra;63;11;30;28;59;100;Female;blue;Human;Black;175.0;Marvel Comics;good;59.0;1;0;2;1;0;0;3;1;0;2;0;0
Elongated Man;75;10;33;90;44;40;Male;blue;Unknown;Red;185.0;DC Comics;good;80.0;1;0;0;0;0;0;0;4;0;0;0;0
Emma Frost;75;63;35;90;100;42;Female;blue;Unknown;Blond;178.0;Marvel Comics;good;65.0;1;0;0;0;0;0;8;2;0;2;1;0
Enchantress;63;14;25;60;100;40;Female;blue;Human;Blond;168.0;DC Comics;good;57.0;1;1;0;0;1;1;2;3;0;1;4;0
Etrigan;50;85;17;100;100;50;Male;red;Demon;No Hair;193.0;DC Comics;neutral;203.0;1;1;0;0;1;1;1;4;0;0;1;0
Evil Deadpool;69;32;50;100;100;100;Male;white;Mutant;Red;188.0;Marvel Comics;bad;95.0;3;3;3;0;0;0;3;1;1;2;0;0
Evilhawk;50;32;33;70;85;64;Male;red;Alien;Black;191.0;Marvel Comics;bad;106.0;0;1;1;0;2;2;0;3;0;0;1;0
Exodus;63;81;28;28;100;70;Male;blue;Mutant;Black;183.0;Marvel Comics;bad;88.0;0;2;0;0;1;0;7;0;0;0;2;0
Falcon;38;13;50;28;22;64;Male;brown;Human;Black;188.0;Marvel Comics;good;108.0;0;0;0;0;0;0;1;2;0;0;1;0
Fin Fang Foom;50;81;23;100;75;70;Male;red;Kakarantharaian;No Hair;975.0;Marvel Comics;good;18.0;1;2;0;0;0;0;2;4;0;0;1;0
Firebird;38;8;40;14;100;42;Female;brown;Unknown;Black;165.0;Marvel Comics;good;56.0;0;0;0;0;2;1;0;1;0;1;2;0
Firestar;50;8;54;55;71;32;Female;green;Mutant;Red;173.0;Marvel Comics;good;56.0;0;0;0;0;2;1;0;0;0;1;2;0
Firestorm;38;80;58;80;100;40;Male;blue;Human;Auburn;188.0;DC Comics;good;91.0;0;1;0;1;4;5;1;5;0;0;5;0
Flash;63;10;100;50;68;32;Male;blue;Human;Brown / White;180.0;DC Comics;good;81.0;3;2;0;0;2;1;0;2;0;0;1;0
Flash II;88;48;100;60;100;60;Male;blue;Human;Blond;183.0;DC Comics;good;88.0;5;2;0;0;3;1;0;2;1;0;1;0
Flash IV;63;10;100;32;100;48;Male;yellow;Human;Auburn;157.0;DC Comics;good;52.0;2;1;0;1;1;0;0;0;2;0;0;0
Franklin Richards;63;80;50;60;100;50;Male;blue;Mutant;Blond;142.0;Marvel Comics;good;45.0;3;2;0;1;3;0;7;4;4;0;4;1
Frenzy;63;53;35;100;38;52;Female;brown;Unknown;Black;211.0;Marvel Comics;bad;104.0;1;1;0;0;0;2;0;1;0;0;0;0
Galactus;100;100;83;100;100;50;Male;black;Cosmic Entity;Black;876.0;Marvel Comics;neutral;16.0;2;5;1;1;5;0;4;4;4;1;5;0
Gambit;63;10;23;28;55;84;Male;red;Mutant;Brown;185.0;Marvel Comics;good;81.0;1;0;0;0;1;0;3;0;0;0;0;0
Gamora;75;85;42;85;53;100;Female;yellow;Zen-Whoberian;Black;183.0;Marvel Comics;good;77.0;4;1;2;1;0;1;1;2;0;1;0;0
Ghost Rider;50;55;25;100;100;60;Male;red;Demon;No Hair;188.0;Marvel Comics;good;99.0;3;3;2;0;1;1;1;3;0;2;3;0
Giganta;81;89;23;85;32;42;Female;green;Unknown;Red;62.5;DC Comics;bad;630.0;0;0;0;1;0;0;0;3;0;0;0;0
Gladiator;50;100;100;100;77;70;Male;blue;Strontian;Blue;198.0;Marvel Comics;neutral;268.0;4;3;0;0;0;3;1;3;0;0;1;0
Goblin Queen;75;10;23;28;65;56;Female;green;Unknown;Red;168.0;Marvel Comics;bad;50.0;0;0;0;0;0;0;2;0;0;0;1;0
Gorilla Grodd;81;53;33;70;100;65;Male;yellow;Gorilla;Black;198.0;DC Comics;bad;270.0;1;0;0;1;1;1;3;4;0;0;2;0
Gravity;50;32;33;40;69;30;Male;blue;Human;Brown;178.0;Marvel Comics;good;79.0;0;0;0;0;2;0;0;0;0;0;3;0
Green Arrow;81;12;35;28;39;90;Male;green;Human;Blond;188.0;DC Comics;good;88.0;2;0;2;0;0;0;0;1;0;1;0;0
Green Goblin;100;48;38;60;48;50;Male;blue;Human;Auburn;180.0;Marvel Comics;bad;83.0;4;1;1;1;0;0;1;2;0;0;0;0
Green Goblin II;75;55;37;50;44;26;Male;blue;Unknown;Auburn;178.0;Marvel Comics;bad;77.0;3;1;0;1;0;0;1;2;0;0;0;0
Guy Gardner;38;90;53;64;100;64;Male;blue;Human-Vuldarian;Red;188.0;DC Comics;good;95.0;3;0;1;0;5;0;0;2;0;0;1;0
Hal Jordan;69;90;75;80;100;70;Male;brown;Human;Brown;188.0;DC Comics;good;90.0;4;0;3;0;5;0;0;1;0;1;1;0
Han Solo;50;10;17;20;43;60;Male;brown;Human;Brown;183.0;George Lucas;good;79.0;2;0;2;0;0;0;0;0;0;1;0;0
Harley Quinn;88;12;33;65;55;80;Female;blue;Human;Blond;170.0;DC Comics;bad;63.0;3;1;1;1;0;0;0;2;0;2;0;0
Havok;63;10;25;60;71;45;Male;blue;Mutant;Blond;183.0;Marvel Comics;good;79.0;0;0;0;0;2;1;0;1;0;1;1;0
Hawk;38;38;35;95;43;42;Male;red;Unknown;Brown;185.0;DC Comics;good;89.0;2;2;0;0;0;0;0;2;0;0;1;0
Hawkeye;56;12;21;10;29;80;Male;blue;Human;Blond;191.0;Marvel Comics;good;104.0;2;0;2;0;0;0;0;1;0;1;0;0
Hawkeye II;50;6;8;10;24;50;Female;blue;Human;Black;165.0;Marvel Comics;good;57.0;1;0;1;1;0;1;0;0;0;0;0;0
Hawkgirl;50;28;53;99;96;72;Female;green;Unknown;Red;175.0;DC Comics;good;61.0;1;1;0;0;0;2;0;3;0;0;1;0
Heat Wave;38;10;17;45;27;30;Male;blue;Human;No Hair;180.0;DC Comics;bad;81.0;0;0;1;0;0;0;0;0;0;0;0;0
Hela;63;100;46;100;100;45;Female;green;Asgardian;Black;213.0;Marvel Comics;bad;225.0;3;3;0;1;0;2;3;2;0;0;2;0
Hellboy;63;53;21;95;73;75;Male;gold;Demon;Black;259.0;Dark Horse Comics;good;158.0;1;3;1;0;0;3;0;2;0;1;2;0
Hellcat;63;11;33;45;46;70;Female;blue;Human;Red;173.0;Marvel Comics;good;61.0;1;0;0;1;0;0;0;3;0;2;0;0
Hercules;63;100;46;85;89;100;Male;blue;Demi-God;Brown;196.0;Marvel Comics;good;146.0;2;3;0;0;0;0;0;3;0;0;0;0
Hope Summers;63;10;12;32;93;75;Female;green;Unknown;Red;168.0;Marvel Comics;good;48.0;0;0;0;0;2;1;2;0;0;2;0;0
Hulk;88;100;63;100;98;85;Male;green;Human / Radiation;Green;244.0;Marvel Comics;good;630.0;5;3;0;0;0;2;1;4;0;3;0;0
Human Torch;63;11;63;70;87;42;Male;blue;Human / Radiation;Blond;178.0;Marvel Comics;good;77.0;2;0;1;0;2;1;0;1;0;1;3;0
Huntress;69;10;23;28;34;95;Female;blue;Unknown;Black;180.0;DC Comics;good;59.0;0;0;1;0;0;0;0;1;0;0;0;0
Husk;63;63;35;78;48;64;Female;blue;Mutant;Blond;170.0;Marvel Comics;good;58.0;1;0;0;0;0;0;0;3;0;0;2;0
Hybrid;63;63;58;75;100;80;Male;brown;Symbiote;Black;175.0;Marvel Comics;good;77.0;6;1;1;0;0;0;0;7;0;5;2;0
Hydro-Man;38;13;25;80;66;50;Male;brown;Unknown;Brown;188.0;Marvel Comics;bad;119.0;0;1;0;0;0;0;1;4;0;0;1;0
Hyperion;88;100;100;95;87;80;Male;blue;Eternal;Red;183.0;Marvel Comics;good;207.0;3;2;0;1;1;7;0;3;0;0;1;0
Iceman;63;32;53;100;100;64;Male;brown;Mutant;Brown;173.0;Marvel Comics;good;65.0;2;2;1;0;1;2;0;4;0;0;4;0
Impulse;50;10;100;60;74;60;Male;yellow;Human;Auburn;170.0;DC Comics;good;65.0;2;2;0;1;1;3;0;2;0;0;1;0
Ink;38;28;17;40;73;50;Male;blue;Mutant;No Hair;180.0;Marvel Comics;good;81.0;0;2;0;0;0;0;1;1;0;0;3;0
Invisible Woman;88;10;27;85;93;56;Female;blue;Human / Radiation;Blond;168.0;Marvel Comics;good;54.0;0;0;0;1;2;0;1;0;0;2;1;0
Iron Fist;75;55;33;50;95;100;Male;blue;Human;Blond;180.0;Marvel Comics;good;79.0;4;2;1;0;2;3;3;3;0;3;0;0
Iron Man;100;85;58;85;100;64;Male;blue;Human;Black;198.0;Marvel Comics;good;191.0;3;1;2;0;4;3;0;4;0;2;2;0
Jack of Hearts;63;55;100;30;77;30;Male;blue / white;Human;Brown;155.0;Marvel Comics;good;79.0;2;1;0;1;1;2;0;2;0;0;1;0
Jack-Jack;6;34;67;80;100;6;Male;blue;Human;Brown;71.0;Dark Horse Comics;good;14.0;2;1;0;0;0;3;2;4;0;1;5;0
James T. Kirk;69;11;17;30;30;75;Male;hazel;Human;Brown;178.0;Star Trek;good;77.0;1;0;2;1;0;0;0;0;0;1;0;0
Jean Grey;94;80;21;20;92;70;Female;green;Mutant;Red;168.0;Marvel Comics;good;52.0;0;0;0;0;3;0;8;0;0;0;1;0
Jennifer Kale;75;10;35;42;74;72;Female;blue;Unknown;Blond;168.0;Marvel Comics;good;55.0;0;0;0;0;1;0;0;0;1;0;1;0
Jessica Jones;56;44;50;70;18;55;Female;brown;Human;Brown;170.0;Marvel Comics;good;56.0;1;0;0;0;0;0;1;2;0;0;1;0
John Wraith;75;12;35;28;87;80;Male;brown;Unknown;Black;183.0;Marvel Comics;good;88.0;0;1;0;0;0;0;2;0;0;0;0;0
Joker;100;10;12;60;43;70;Male;green;Human;Green;196.0;DC Comics;bad;86.0;1;0;2;1;0;0;1;1;0;2;0;0
Jolt;63;12;27;32;31;42;Female;blue;Unknown;Black;165.0;Marvel Comics;good;49.0;2;0;0;0;1;0;0;1;0;0;0;0
Jubilee;56;8;22;20;66;90;Female;red;Mutant;Black;165.0;Marvel Comics;good;52.0;0;0;0;0;3;0;0;0;0;0;0;0
Juggernaut;44;100;42;100;85;70;Male;blue;Human;Red;287.0;Marvel Comics;neutral;855.0;2;2;0;0;1;0;0;3;0;1;0;0
Justice;50;10;33;70;55;30;Male;hazel;Human;Brown;178.0;Marvel Comics;good;81.0;1;0;0;0;2;0;2;0;0;0;1;0
Kang;100;48;58;70;100;70;Male;brown;Unknown;Brown;191.0;Marvel Comics;bad;104.0;0;1;0;0;2;0;0;2;1;0;3;0
Karate Kid;100;48;58;70;100;70;Male;brown;Human;Brown;173.0;DC Comics;good;72.0;3;0;1;1;0;0;1;1;0;1;1;0
Killer Croc;19;53;35;90;53;60;Male;red;Metahuman;No Hair;244.0;DC Comics;bad;356.0;4;1;0;0;0;2;0;5;0;1;0;0
Kilowog;81;90;53;42;100;80;Male;red;Bolovaxian;No Hair;234.0;DC Comics;good;324.0;1;1;0;0;1;0;1;3;0;0;0;0
Klaw;63;38;33;100;62;60;Male;red;Human;No Hair;188.0;Marvel Comics;bad;97.0;0;1;0;0;1;0;1;3;0;0;1;0
Kraven II;50;34;23;28;43;85;Male;brown;Human;Black;191.0;Marvel Comics;bad;99.0;3;1;0;0;0;1;0;2;0;0;0;0
Kraven the Hunter;63;32;35;42;25;85;Male;brown;Human;Black;183.0;Marvel Comics;bad;106.0;4;1;0;0;0;0;0;1;0;0;0;0
Krypto;9;80;100;90;82;40;Male;blue;Kryptonian;White;64.0;DC Comics;good;18.0;2;2;0;0;0;6;0;3;0;0;1;0
Kyle Rayner;69;90;50;60;100;60;Male;green;Human;Black;180.0;DC Comics;good;79.0;1;0;1;1;6;0;1;1;0;0;1;0
Lady Deathstrike;63;28;42;85;48;90;Female;brown;Cyborg;Black;175.0;Marvel Comics;bad;58.0;4;1;0;1;0;0;1;3;0;1;0;0
Leader;100;10;12;14;59;42;Male;green;Unknown;No Hair;178.0;Marvel Comics;bad;63.0;0;0;0;1;0;0;2;0;0;0;0;0
Legion;50;100;42;30;100;75;Male;green / blue;Mutant;Black;175.0;Marvel Comics;good;59.0;3;1;0;0;1;0;6;5;3;3;4;0
Lex Luthor;100;53;25;65;68;70;Male;green;Human;No Hair;188.0;DC Comics;bad;95.0;0;0;1;1;4;0;0;3;0;0;1;0
Light Lass;38;10;35;28;67;42;Female;blue;Unknown;Red;165.0;DC Comics;good;54.0;0;0;0;0;0;0;0;0;0;0;3;0
Lightning Lad;38;10;23;28;60;42;Male;blue;Unknown;Red;155.0;DC Comics;good;65.0;0;0;0;0;0;0;0;0;0;0;1;0
Lightning Lord;44;10;23;42;66;42;Male;blue;Unknown;Red;191.0;DC Comics;bad;95.0;0;0;0;0;1;0;0;0;0;0;1;0
Lizard;50;51;27;70;63;56;Male;red;Human;No Hair;203.0;Marvel Comics;bad;230.0;5;1;0;0;0;1;1;5;0;1;0;0
Lobo;94;100;54;100;100;85;Male;red;Czarnian;Black;229.0;DC Comics;neutral;288.0;1;3;0;2;0;1;0;5;0;1;0;0
Loki;88;63;46;85;100;60;Male;green;Asgardian;Black;193.0;Marvel Comics;bad;236.0;1;2;0;2;1;0;1;3;1;1;2;0
Longshot;50;10;27;10;71;70;Male;blue;Human;Blond;188.0;Marvel Comics;good;36.0;4;0;0;0;0;0;2;0;1;0;0;0
Luke Cage;50;63;29;95;44;70;Male;brown;Human;Black;198.0;Marvel Comics;good;191.0;2;2;0;0;0;0;0;2;0;0;0;0
Luke Skywalker;69;38;42;25;100;100;Male;blue;Human;Blond;168.0;George Lucas;good;77.0;4;1;2;1;3;2;8;0;0;3;1;0
Mach-IV;75;36;60;84;60;56;Male;brown;Unknown;Brown;180.0;Marvel Comics;bad;79.0;1;0;1;0;0;0;0;2;0;0;1;0
Magneto;88;80;27;84;91;80;Male;grey;Mutant;White;188.0;Marvel Comics;bad;86.0;1;0;0;1;2;1;1;2;0;0;2;0
Man-Thing;50;32;8;100;100;40;Male;red;Unknown;No Hair;213.0;Marvel Comics;good;225.0;0;1;0;0;0;0;1;6;0;2;1;0
Man-Wolf;63;44;35;42;45;70;Male;brown;Unknown;Auburn;188.0;Marvel Comics;good;90.0;3;1;0;0;0;3;0;2;0;0;0;0
Mandarin;100;28;23;28;100;95;Male;blue;Human;White;188.0;Marvel Comics;bad;97.0;0;0;2;1;2;0;1;1;0;0;4;0
Mantis;63;8;33;80;100;80;Female;green;Human-Kree;Black;168.0;Marvel Comics;good;52.0;0;3;0;1;0;0;6;1;0;0;3;0
Martian Manhunter;100;95;92;100;100;85;Male;red;Martian;No Hair;201.0;DC Comics;good;135.0;4;2;1;1;0;9;6;7;0;4;1;0
Marvel Girl;63;85;47;42;100;80;Female;green;Unknown;Red;170.0;Marvel Comics;good;56.0;0;0;0;0;4;0;4;0;1;0;2;0
Maverick;63;10;12;42;60;85;Male;blue;Unknown;Black;193.0;Marvel Comics;good;110.0;0;0;0;0;0;0;0;0;0;0;1;0
Maxima;75;90;35;56;81;75;Female;brown;Unknown;Red;180.0;DC Comics;bad;72.0;2;0;0;0;1;0;4;2;0;0;1;0
Medusa;75;34;35;70;37;56;Female;green;Inhuman;Red;180.0;Marvel Comics;good;59.0;3;0;0;0;0;0;1;2;0;0;1;0
Meltdown;38;10;12;42;62;64;Female;blue;Unknown;Blond;165.0;Marvel Comics;good;54.0;1;0;0;0;5;0;1;0;0;0;0;0
Mephisto;88;85;35;95;100;42;Male;white;Unknown;Black;198.0;Marvel Comics;bad;140.0;2;2;0;0;1;0;2;5;2;1;2;0
Mera;56;62;79;60;92;80;Female;blue;Atlantean;Red;175.0;DC Comics;good;72.0;3;0;0;0;0;3;1;4;1;1;1;0
Metallo;75;53;23;95;86;64;Male;green;Android;Brown;196.0;DC Comics;bad;90.0;1;1;0;0;1;0;1;4;0;0;1;0
Metron;88;10;47;56;100;28;Male;blue;Unknown;Black;185.0;DC Comics;good;86.0;0;1;0;1;0;0;1;0;1;0;1;0
Micro Lad;38;28;27;28;44;32;Male;grey;Unknown;Brown;183.0;DC Comics;good;77.0;0;0;0;0;0;0;0;1;0;0;0;0
Mimic;63;67;47;56;79;42;Male;brown;Unknown;Brown;188.0;Marvel Comics;good;101.0;1;0;0;0;1;0;2;3;0;0;2;0
Miss Martian;63;85;58;100;100;45;Female;red;Unknown;Red;178.0;DC Comics;good;61.0;2;2;0;0;2;1;2;4;0;1;2;0
Mister Fantastic;100;10;18;70;33;64;Male;brown;Human / Radiation;Brown;185.0;Marvel Comics;good;81.0;0;0;0;1;0;0;0;4;0;0;0;0
Mister Sinister;100;48;46;90;100;50;Male;red;Human / Altered;Black;196.0;Marvel Comics;bad;128.0;3;2;0;1;2;0;5;8;0;1;2;0
Mockingbird;75;31;38;20;48;95;Female;blue;Human;Blond;175.0;Marvel Comics;good;61.0;1;2;1;0;0;0;0;2;0;1;0;0
MODOK;100;18;25;25;79;15;Male;white;Cyborg;Brownn;366.0;Marvel Comics;bad;338.0;1;1;1;1;2;0;6;0;0;0;3;0
Molten Man;50;73;23;84;53;56;Male;gold;Unknown;Gold;196.0;Marvel Comics;bad;248.0;0;0;0;0;0;1;0;2;0;0;1;0
Moon Knight;50;36;23;42;28;75;Male;brown;Human;Brown;188.0;Marvel Comics;good;101.0;2;0;2;0;0;0;1;1;0;0;0;0
Moonstone;56;67;47;52;74;80;Female;blue;Unknown;Blond;180.0;Marvel Comics;bad;59.0;1;0;0;0;1;0;0;2;0;1;3;0
Morlun;63;60;35;42;74;56;Male;white / red;Unknown;Black;188.0;Marvel Comics;bad;79.0;4;0;0;0;0;0;0;3;0;0;0;0
Moses Magnum;75;28;12;42;55;56;Male;brown;Unknown;Black;175.0;Marvel Comics;bad;72.0;0;0;0;0;0;0;0;0;0;0;1;0
Mr Immortal;50;10;8;100;69;30;Male;blue;Mutant;Blond;188.0;Marvel Comics;good;70.0;0;2;0;0;0;0;0;1;0;0;0;0
Mr Incredible;50;83;33;95;29;40;Male;blue;Human;Blond;201.0;Dark Horse Comics;good;158.0;3;1;0;0;0;1;0;2;0;0;0;0
Ms Marvel II;38;63;23;84;11;56;Female;blue;Unknown;Red;173.0;Marvel Comics;good;61.0;0;0;0;0;0;0;0;2;0;0;0;0
Multiple Man;63;11;23;70;28;62;Male;blue;Unknown;Brown;180.0;Marvel Comics;good;70.0;0;0;0;0;0;0;0;1;0;0;0;0
Mysterio;81;10;17;40;82;70;Male;brown;Human;No Hair;180.0;Marvel Comics;bad;79.0;2;0;2;1;0;0;2;2;0;0;4;0
Mystique;75;12;23;64;64;74;Female;yellow (without irises);Mutant;Red / Orange;178.0;Marvel Comics;bad;54.0;2;2;2;1;0;0;1;2;0;2;1;0
Namora;50;85;42;42;48;64;Female;blue;Unknown;Blond;180.0;Marvel Comics;good;85.0;3;2;0;0;0;0;1;3;0;0;1;0
Namorita;50;72;47;70;37;70;Female;blue;Unknown;Blond;168.0;Marvel Comics;good;101.0;4;2;0;0;0;0;0;2;0;0;1;0
Nebula;63;52;13;50;42;60;Female;blue;Luphomoid;No Hair;185.0;Marvel Comics;bad;83.0;0;0;1;0;0;0;0;2;0;0;0;0
Nick Fury;75;11;23;42;25;100;Male;brown;Human;Brown / White;185.0;Marvel Comics;good;99.0;0;1;1;0;0;0;0;0;0;0;0;0
Nightcrawler;50;10;47;14;76;80;Male;yellow;Unknown;Indigo;175.0;Marvel Comics;good;88.0;3;0;0;0;0;1;1;0;0;2;0;0
Nightwing;88;11;33;28;36;100;Male;blue;Human;Black;178.0;DC Comics;good;79.0;2;0;3;1;0;0;0;1;0;1;0;0
Northstar;50;18;83;56;65;70;Male;blue;Unknown;Black;180.0;Marvel Comics;good;83.0;2;0;0;0;0;0;0;1;0;0;2;0
Nova;100;85;75;100;100;80;Male;brown;Human;Brown;185.0;Marvel Comics;good;86.0;4;2;0;0;5;6;0;2;0;1;4;0
Odin;100;83;67;95;100;90;Male;blue;God / Eternal;White;206.0;Marvel Comics;good;293.0;4;3;0;2;4;0;5;4;2;3;3;1
Onslaught;88;100;33;100;100;55;Male;red;Mutant;No Hair;305.0;Marvel Comics;bad;405.0;0;1;0;1;1;1;8;2;3;3;2;0
Oracle;75;11;23;28;19;76;Female;blue;Human;Red;178.0;DC Comics;good;59.0;0;0;0;1;0;0;0;0;0;0;0;0
Penguin;75;10;12;28;30;45;Male;blue;Human;Black;157.0;DC Comics;bad;79.0;0;0;0;1;0;0;0;0;0;0;0;0
Phantom Girl;38;10;23;28;53;42;Female;blue;Unknown;Black;168.0;DC Comics;good;54.0;0;0;0;0;0;0;0;1;0;0;0;0
Phoenix;100;100;83;100;100;80;Female;green;Mutant;Red;168.0;Marvel Comics;good;52.0;1;0;0;0;3;0;8;2;0;0;4;0
Plantman;63;60;25;55;61;25;Male;green;Mutant;Grey;183.0;Marvel Comics;bad;87.0;0;1;0;0;0;0;0;2;0;1;1;0
Plastic Man;50;63;23;100;100;56;Male;blue;Human;Black;185.0;DC Comics;good;80.0;1;2;0;0;0;0;1;6;0;1;1;0
Plastique;50;10;23;28;60;42;Female;blue;Unknown;Red;168.0;DC Comics;bad;55.0;0;0;0;0;1;0;0;0;0;0;0;0
Poison Ivy;81;14;21;40;100;40;Female;green;Human;Red;168.0;DC Comics;bad;50.0;1;1;1;0;0;0;1;2;0;1;3;0
Polaris;63;73;42;50;100;45;Female;green;Mutant;Green;170.0;Marvel Comics;good;52.0;0;0;0;1;3;1;0;0;0;0;3;0
Power Girl;94;100;100;100;100;75;Female;blue;Kryptonian;blond;180.0;DC Comics;good;81.0;5;2;0;2;1;9;0;3;0;1;1;0
Professor X;100;8;12;14;100;32;Male;blue;Mutant;No Hair;183.0;Marvel Comics;good;86.0;0;0;0;1;0;0;8;0;0;1;0;0
Professor Zoom;94;10;100;20;83;20;Male;blue;Human;Strawberry Blond;180.0;DC Comics;bad;81.0;3;0;0;0;0;0;0;1;1;0;0;0
Psylocke;63;33;25;40;100;90;Female;blue;Mutant;Purple;180.0;Marvel Comics;good;70.0;2;0;0;0;0;0;9;1;0;2;0;0
Punisher;69;16;21;45;42;100;Male;blue;Human;Black;183.0;Marvel Comics;good;90.0;3;0;3;0;0;0;0;2;0;1;0;0
Purple Man;56;10;8;30;92;10;Male;purple;Human;Purple;180.0;Marvel Comics;bad;74.0;0;1;0;0;0;0;3;1;0;0;0;0
Pyro;38;10;12;14;54;28;Male;blue;Unknown;Blond;178.0;Marvel Comics;bad;68.0;0;0;0;0;0;0;0;0;0;0;1;0
Question;81;14;27;35;20;80;Male;blue;Human;Blond;188.0;DC Comics;good;83.0;1;0;0;1;0;0;0;0;0;0;0;0
Quicksilver;63;28;100;60;81;56;Male;blue;Mutant;Silver;183.0;Marvel Comics;good;79.0;1;0;0;0;0;0;0;2;1;0;1;0
Quill;38;10;12;14;23;14;Male;brown;Unknown;Brown;163.0;Marvel Comics;good;56.0;0;0;1;0;0;0;0;1;0;0;0;0
Ra's Al Ghul;100;28;32;42;27;100;Male;green;Human;Grey;193.0;DC Comics;bad;97.0;3;1;1;1;0;0;0;2;0;0;0;0
Raven;50;10;29;70;84;40;Female;indigo;Human;Black;165.0;DC Comics;neutral;50.0;0;0;0;0;0;0;4;0;0;0;1;0
Ray;50;10;92;100;100;20;Male;green;Human;Red;178.0;DC Comics;good;70.0;2;2;0;0;4;0;1;1;0;3;3;0
Red Arrow;63;16;25;20;23;80;Male;green;Human;Red;180.0;DC Comics;good;83.0;2;0;2;0;0;0;0;0;0;1;0;0
Red Hood;75;12;23;28;35;95;Male;blue;Human;Black;183.0;DC Comics;neutral;81.0;2;0;2;1;0;0;0;1;0;1;0;0
Red Hulk;50;100;47;85;82;75;Male;yellow;Human / Radiation;Black;213.0;Marvel Comics;neutral;630.0;3;2;0;0;1;0;0;2;0;3;1;0
Red Robin;81;11;27;32;29;80;Male;blue;Human;Black;165.0;DC Comics;good;56.0;2;0;2;1;0;0;0;0;0;1;0;0
Red Skull;75;10;12;14;19;80;Male;blue;Unknown;No Hair;188.0;Marvel Comics;bad;108.0;0;0;0;1;0;0;0;0;0;0;0;0
Red Tornado;75;38;67;60;100;40;Male;green;Android;No Hair;185.0;DC Comics;good;146.0;3;1;0;0;1;1;1;2;0;1;4;0
Rhino;25;80;43;90;36;85;Male;brown;Human / Radiation;Brown;196.0;Marvel Comics;bad;320.0;2;0;0;0;0;2;0;3;0;1;0;0
Rick Flag;88;11;23;28;19;95;Male;blue;Unknown;Brown;185.0;DC Comics;bad;85.0;0;0;1;0;0;0;0;0;0;0;0;0
Robin;88;11;27;28;32;85;Male;blue;Human;Black;178.0;DC Comics;good;79.0;0;0;3;1;0;0;0;1;0;0;0;0
Robin II;75;11;27;28;28;85;Male;blue;Human;Red;183.0;DC Comics;good;101.0;2;0;2;0;0;0;0;0;0;1;0;0
Robin III;81;11;27;28;29;85;Male;blue;Human;Black;165.0;DC Comics;good;56.0;2;0;3;0;0;0;0;0;0;1;0;0
Robin V;69;8;33;16;29;65;Male;blue;Human;Black;137.0;DC Comics;good;38.0;2;1;1;0;0;0;0;0;0;1;0;0
Rocket Raccoon;50;5;23;28;28;64;Male;brown;Animal;Brown;122.0;Marvel Comics;good;25.0;1;0;2;0;0;5;0;3;0;0;0;0
Rogue;75;10;12;28;80;80;Female;green;Unknown;Brown / White;173.0;Marvel Comics;good;54.0;0;0;0;0;1;0;0;0;0;1;0;0
Rorschach;75;10;29;20;23;80;Male;blue;Human;Red;168.0;DC Comics;good;63.0;2;0;1;1;0;0;0;0;0;1;0;0
Sabretooth;56;48;38;90;50;100;Male;amber;Mutant;Blond;198.0;Marvel Comics;bad;171.0;4;2;2;0;0;3;0;5;0;2;0;0
Sage;75;10;12;14;28;56;Female;blue;Unknown;Black;170.0;Marvel Comics;good;61.0;0;0;0;0;0;0;3;0;0;1;1;0
Sandman;44;75;46;90;100;60;Male;brown;Human;Brown;185.0;Marvel Comics;neutral;203.0;1;2;0;0;0;1;0;4;0;2;1;0
Sasquatch;75;80;23;56;15;42;Male;red;Unknown;Orange;305.0;Marvel Comics;good;900.0;3;0;0;0;0;1;0;2;0;0;0;0
Scarecrow;81;10;12;14;48;50;Male;blue;Human;Brown;183.0;DC Comics;bad;63.0;0;0;0;0;0;0;2;0;0;0;0;0
Scarlet Spider;75;53;60;74;46;56;Male;blue;Human;Blond;178.0;Marvel Comics;good;74.0;6;1;0;0;0;2;0;5;0;1;0;0
Scarlet Spider II;88;55;60;40;37;56;Male;brown;Clone;Brown;193.0;Marvel Comics;good;113.0;5;1;0;0;0;0;0;4;0;0;1;0
Scarlet Witch;100;10;29;70;100;80;Female;blue;Mutant;Brown;170.0;Marvel Comics;bad;59.0;1;1;0;0;2;0;4;0;3;0;3;0
Scorpion;50;52;60;85;49;80;Male;brown;Human;Brown;211.0;Marvel Comics;bad;310.0;4;0;1;0;0;0;0;3;0;1;0;0
Sentry;75;100;100;84;100;40;Male;blue;Mutant;Blond;188.0;Marvel Comics;neutral;87.0;4;2;0;1;2;5;2;2;0;0;4;0
Shadow Lass;63;10;67;20;79;80;Female;black;Talokite;Black;173.0;DC Comics;good;54.0;2;0;0;1;0;0;0;0;0;1;2;0
Shadowcat;88;8;21;25;69;70;Female;hazel;Mutant;Brown;168.0;Marvel Comics;good;50.0;0;0;1;1;0;0;1;1;0;4;1;0
Shang-Chi;63;12;30;50;29;100;Male;brown;Human;Black;178.0;Marvel Comics;good;79.0;3;0;0;0;0;0;0;1;0;2;0;0
Shatterstar;63;48;45;64;49;84;Male;brown;Unknown;Red;191.0;Marvel Comics;good;88.0;2;1;0;0;1;0;0;2;0;0;0;0
She-Hulk;81;100;42;100;40;70;Female;green;Human;Green;201.0;Marvel Comics;good;315.0;2;3;0;1;0;0;0;2;0;0;0;0
She-Thing;69;72;21;80;23;65;Female;blue;Human / Radiation;No Hair;183.0;Marvel Comics;good;153.0;0;0;0;0;0;2;0;2;0;0;0;0
Shocker;63;10;23;70;79;56;Male;brown;Human;Brown;175.0;Marvel Comics;bad;79.0;0;0;2;0;1;0;0;1;0;0;0;0
Shriek;50;10;23;28;45;42;Female;yellow / blue;Unknown;Black;173.0;Marvel Comics;good;52.0;0;0;0;0;1;0;3;0;0;0;4;0
Sif;63;90;67;80;100;70;Female;blue;Asgardian;Black;188.0;Marvel Comics;good;191.0;4;2;1;0;0;1;1;2;1;0;0;0
Silver Surfer;56;100;100;90;100;32;Male;white;Alien;No Hair;193.0;Marvel Comics;good;101.0;3;1;1;0;3;0;1;4;4;1;3;0
Silverclaw;50;28;35;42;34;42;Female;brown;Unknown;Black;157.0;Marvel Comics;good;50.0;2;0;0;0;0;1;0;3;0;0;1;0
Sinestro;75;85;53;64;100;55;Male;black;Korugaran;Black;201.0;DC Comics;neutral;92.0;2;0;1;0;4;0;0;2;0;0;1;0
Siren;56;62;79;60;92;60;Female;blue;Atlantean;Purple;175.0;DC Comics;bad;72.0;3;0;0;0;0;3;1;4;1;1;1;0
Siryn;38;8;47;28;50;42;Female;blue;Unknown;Strawberry Blond;168.0;Marvel Comics;bad;52.0;0;0;0;0;0;1;0;0;0;0;3;0
Skaar;50;85;27;90;69;85;Male;green;Unknown;Black;198.0;Marvel Comics;good;180.0;2;1;0;0;0;0;0;1;0;0;1;0
Snowbird;50;32;27;42;70;52;Female;white;Unknown;Blond;178.0;Marvel Comics;good;49.0;1;1;0;0;0;1;1;4;0;0;1;0
Solomon Grundy;9;93;13;100;92;30;Male;black;Zombie;White;279.0;DC Comics;bad;437.0;1;1;0;0;1;1;0;3;0;2;1;0
Songbird;75;36;27;42;55;56;Female;green;Unknown;Red / White;165.0;Marvel Comics;good;65.0;4;0;0;0;0;0;0;2;0;0;2;0
Spawn;75;60;50;90;100;95;Male;brown;Demon;Black;211.0;Image Comics;good;405.0;3;1;1;0;0;0;3;6;0;1;3;0
Spider-Girl;63;38;60;65;53;75;Female;blue;Human;Brown;170.0;Marvel Comics;good;54.0;7;1;0;1;0;1;0;2;0;2;1;0
Spider-Gwen;75;55;63;70;66;70;Female;blue;Human;Blond;165.0;Marvel Comics;good;56.0;6;1;1;0;0;0;0;5;0;2;1;0
Spider-Man;90;55;67;75;74;85;Male;hazel;Human;Brown;178.0;Marvel Comics;good;74.0;6;1;1;0;0;2;0;6;0;3;1;0
Spider-Woman;56;42;42;60;68;70;Female;green;Human;Black;178.0;Marvel Comics;good;59.0;5;0;0;0;1;1;0;2;0;1;2;0
Spider-Woman III;50;48;27;42;60;28;Female;brown;Unknown;Brown;173.0;Marvel Comics;good;55.0;5;0;0;0;1;0;1;1;0;0;1;0
Spock;81;18;17;40;56;40;Male;brown;Human-Vulcan;Black;185.0;Star Trek;good;81.0;1;1;0;2;0;1;2;1;0;1;0;0
Spyke;50;12;17;60;48;30;Male;brown;Mutant;Blond;183.0;Marvel Comics;good;83.0;2;1;0;0;0;0;0;1;0;1;1;0
Star-Lord;69;20;33;50;25;70;Male;blue;Human-Spartoi;Blond;188.0;Marvel Comics;good;79.0;2;1;2;1;0;0;0;2;0;0;0;0
Starfire;50;80;33;85;59;70;Female;green;Tamaranean;Auburn;193.0;DC Comics;good;71.0;0;1;0;1;2;0;0;2;0;0;1;0
Stargirl;63;80;25;90;87;55;Female;blue;Human;Blond;165.0;DC Comics;good;62.0;3;1;0;0;5;0;0;2;0;0;3;0
Static;69;8;42;50;90;40;Male;brown;Mutant;Black;170.0;DC Comics;good;63.0;1;1;1;1;4;1;1;1;0;0;3;0
Steel;81;82;53;90;64;64;Male;brown;Unknown;No Hair;201.0;DC Comics;good;131.0;0;0;1;0;0;1;0;3;0;1;1;0
Steppenwolf;94;100;83;100;100;100;Male;red;New God;Black;183.0;DC Comics;bad;91.0;4;3;1;1;0;1;0;2;0;2;0;0
Storm;75;10;47;30;88;75;Female;blue;Mutant;White;180.0;Marvel Comics;good;57.0;0;0;0;1;0;3;2;0;0;0;2;0
Sunspot;63;63;35;25;90;70;Male;brown;Mutant;black;173.0;Marvel Comics;good;77.0;1;1;0;0;1;1;0;2;0;2;4;0
Superboy;75;95;83;90;95;60;Male;blue;Unknown;Black;170.0;DC Comics;good;68.0;2;2;0;0;3;4;0;3;0;0;1;0
Superboy-Prime;94;100;100;100;100;85;Male;blue;Kryptonian;Black / Blue;180.0;DC Comics;bad;77.0;3;3;0;1;1;7;1;5;0;1;1;0
Supergirl;94;100;100;100;100;75;Female;blue;Kryptonian;Blond;165.0;DC Comics;good;54.0;5;2;0;2;1;11;1;3;0;1;1;0
Superman;94;100;100;100;100;85;Male;blue;Kryptonian;Black;191.0;DC Comics;good;101.0;5;3;1;2;2;9;1;4;0;1;1;0
Swarm;75;18;50;90;38;35;Male;yellow;Mutant;No Hair;196.0;Marvel Comics;bad;47.0;0;1;0;1;0;0;0;5;0;1;2;0
Synch;75;67;23;28;74;56;Male;brown;Unknown;Black;180.0;Marvel Comics;good;74.0;0;0;0;0;0;0;0;0;0;1;0;0
Taskmaster;75;12;50;20;63;100;Male;brown;Human;Brown;188.0;Marvel Comics;bad;99.0;4;0;3;0;0;1;0;1;0;1;0;0
Tempest;38;10;45;28;66;60;Female;brown;Unknown;Black;163.0;Marvel Comics;good;54.0;0;0;0;0;1;0;0;0;0;0;4;0
Thanos;100;100;33;100;100;80;Male;red;Eternal;No Hair;201.0;Marvel Comics;bad;443.0;4;3;0;2;4;4;3;3;2;3;3;0
The Comedian;63;14;17;10;12;80;Male;brown;Human;Black;188.0;DC Comics;neutral;101.0;0;0;1;0;0;0;0;0;0;0;0;0
Thing;75;84;21;100;38;80;Male;blue;Human / Radiation;No Hair;183.0;Marvel Comics;good;225.0;1;2;0;0;0;2;0;2;0;2;0;0
Thor;69;100;83;100;100;100;Male;blue;Asgardian;Blond;198.0;Marvel Comics;good;288.0;4;3;1;0;0;1;1;2;0;1;4;1
Thor Girl;75;83;70;84;100;70;Female;blue;Asgardian;Blond;175.0;Marvel Comics;good;143.0;3;1;0;0;0;0;0;3;0;1;0;0
Thunderbird;50;32;27;32;13;70;Male;brown;Unknown;Black;185.0;Marvel Comics;good;101.0;2;0;0;0;0;0;0;2;0;0;0;0
Thunderstrike;63;80;70;84;42;72;Male;blue;Unknown;Blond;198.0;Marvel Comics;good;288.0;2;2;0;0;0;0;0;2;0;1;0;0
Thundra;38;81;32;64;26;54;Female;green;Unknown;Red;218.0;Marvel Comics;good;158.0;4;0;0;0;0;0;0;1;0;0;0;0
Tiger Shark;38;72;46;70;51;28;Male;grey;Human;No Hair;185.0;Marvel Comics;bad;203.0;4;1;0;0;0;2;0;8;0;1;0;0
Tigra;63;32;53;38;33;90;Female;green;Unknown;Auburn;178.0;Marvel Comics;good;81.0;4;0;0;0;0;1;0;1;0;0;0;0
Tinkerer;100;10;23;14;10;14;Male;brown;Unknown;White;163.0;Marvel Comics;bad;54.0;0;0;0;1;0;0;0;0;0;0;0;0
Toad;50;34;58;56;70;28;Male;black;Mutant;Brown;175.0;Marvel Comics;neutral;76.0;5;1;0;0;0;1;3;6;0;0;1;0
Toxin;75;80;42;85;97;70;Male;black;Symbiote;Blond;191.0;Marvel Comics;good;117.0;6;1;1;0;0;0;0;7;0;4;1;0
Triplicate Girl;63;10;23;42;44;42;Female;purple;Unknown;Brown;168.0;DC Comics;good;59.0;0;0;0;0;0;0;0;1;0;0;1;0
Triton;56;63;50;65;35;55;Male;green;Inhuman;No Hair;188.0;Marvel Comics;good;86.0;4;0;0;0;0;1;0;4;0;0;0;0
Ultragirl;50;80;35;70;35;80;Female;blue;Unknown;Blond;168.0;Marvel Comics;good;105.0;3;1;0;0;0;1;0;2;0;0;1;0
Utgard-Loki;50;80;23;84;85;64;Male;blue;Frost Giant;White;15.2;Marvel Comics;bad;58.0;1;2;0;0;0;0;0;2;0;0;1;0
Vanisher;63;10;75;56;61;42;Male;green;Unknown;No Hair;165.0;Marvel Comics;bad;79.0;0;0;0;0;0;0;1;0;0;0;0;0
Venom;75;57;65;84;86;84;Male;blue;Symbiote;Strawberry Blond;191.0;Marvel Comics;bad;117.0;5;1;1;0;0;0;0;5;0;1;1;0
Venom II;50;57;47;70;54;56;Male;brown;Unknown;Black;175.0;Marvel Comics;bad;50.0;4;0;0;0;0;0;0;4;0;1;0;0
Venom III;63;73;35;90;73;56;Male;brown;Symbiote;Brown;229.0;Marvel Comics;bad;334.0;5;1;0;0;0;0;0;5;0;2;0;0
Vibe;50;10;17;30;99;30;Male;brown;Human;Black;178.0;DC Comics;good;71.0;0;0;0;0;1;0;1;0;2;1;1;0
Vindicator;63;63;53;64;58;70;Female;green;Human;Red;165.0;Marvel Comics;good;54.0;0;0;0;0;2;0;0;1;0;0;5;0
Violet Parr;56;9;13;50;79;15;Female;violet;Human;Black;137.0;Dark Horse Comics;good;41.0;0;0;0;1;2;0;0;0;0;2;1;0
Vision;100;72;54;95;100;70;Male;gold;Android;No Hair;191.0;Marvel Comics;good;135.0;3;1;1;1;3;1;2;3;0;3;2;0
Vixen;50;38;50;50;62;25;Female;amber;Human;Black;175.0;DC Comics;good;63.0;4;1;0;0;1;2;0;6;0;2;1;0
Vulture;75;22;42;25;26;30;Male;brown;Human;No Hair;180.0;Marvel Comics;bad;79.0;2;0;1;0;0;0;0;2;0;0;3;0
Walrus;50;28;8;50;11;20;Male;blue;Human;Black;183.0;Marvel Comics;bad;162.0;0;0;0;0;0;0;0;3;0;1;0;0
War Machine;63;80;63;100;100;85;Male;brown;Human;Brown;185.0;Marvel Comics;good;95.0;1;0;2;0;3;3;0;5;0;2;2;0
Warlock;88;36;79;95;71;95;Male;red;Unknown;Blond;188.0;Marvel Comics;good;108.0;4;0;0;0;2;0;0;2;0;0;1;0
Warp;38;10;23;28;85;50;Male;brown;Unknown;Black;173.0;DC Comics;bad;67.0;0;0;0;0;0;0;1;0;0;0;1;0
Warpath;38;72;47;70;26;84;Male;brown;Mutant;Black;218.0;Marvel Comics;good;158.0;4;0;0;0;0;5;0;2;0;0;0;0
Wasp;63;17;58;52;29;42;Female;blue;Human;Auburn;163.0;Marvel Comics;good;50.0;1;0;1;1;1;0;0;3;0;1;1;0
Winter Soldier;56;32;35;65;60;84;Male;brown;Human;Brown;175.0;Marvel Comics;good;117.0;0;1;1;0;1;0;0;2;0;0;0;0
Wolfsbane;38;16;35;42;26;42;Female;green;Unknown;Auburn;366.0;Marvel Comics;good;473.0;2;0;0;0;0;2;0;4;0;0;0;0
Wolverine;63;32;50;100;89;100;Male;blue;Mutant;Black;160.0;Marvel Comics;good;135.0;4;3;0;0;0;6;1;5;0;2;0;0
Wonder Girl;75;90;25;80;39;60;Female;blue;Demi-God;Blond;165.0;DC Comics;good;51.0;2;2;0;1;0;0;0;2;0;0;2;0
Wonder Man;75;100;53;90;64;64;Male;red;Unknown;Black;188.0;Marvel Comics;good;171.0;3;2;0;0;1;0;0;4;0;0;1;0
Wonder Woman;88;100;79;100;100;100;Female;blue;Amazon;Black;183.0;DC Comics;good;74.0;3;2;3;2;1;8;2;4;1;3;1;0
X-23;75;24;42;100;55;95;Female;green;Mutant / Clone;Black;155.0;Marvel Comics;good;50.0;4;2;1;0;0;4;0;4;0;2;0;0
X-Man;88;53;53;95;100;84;Male;blue;Unknown;Brown;175.0;Marvel Comics;good;61.0;0;0;0;0;0;0;7;1;1;1;1;0
Yellowjacket;88;10;12;28;12;14;Male;blue;Human;Blond;183.0;Marvel Comics;good;83.0;0;0;0;0;0;0;0;2;0;0;0;0
Yellowjacket II;50;10;35;28;31;28;Female;blue;Human;Strawberry Blond;165.0;Marvel Comics;good;52.0;0;0;0;0;1;0;0;1;0;0;1;0
Yoda;88;52;33;25;100;90;Male;brown;Yoda's species;White;66.0;George Lucas;good;17.0;5;1;2;1;3;0;4;0;0;3;0;0
Zatanna;81;10;23;28;100;56;Female;blue;Human;Black;170.0;DC Comics;good;57.0;0;0;0;0;0;0;1;0;1;0;6;0
Zoom;50;10;100;28;100;28;Male;red;Unknown;Brown;185.0;DC Comics;bad;81.0;1;0;0;0;0;0;0;0;2;1;0;0
